DROP TABLE IF EXISTS ACCOUNT;
DROP TABLE IF EXISTS ACCOUNTHOLDINGS;
DROP TABLE IF EXISTS CUSTOMER;

CREATE TABLE account (
  AccountId decimal(18,0) NOT NULL,
  CustomerID varchar(12) NOT NULL,
  AccountType char(10) DEFAULT NULL,
  AccountStatus char(10) DEFAULT NULL,
  DATEOPENED timestamp NOT NULL,
  DATECLOSED timestamp DEFAULT NULL,
  PRIMARY KEY (ACCOUNTID)
);

CREATE TABLE accountholdings (
  TransactionID varchar(12) NOT NULL,
  AccountID decimal(18,0) NOT NULL,
  ProductID varchar(12) NOT NULL,
  PURCHASEDATE timestamp NOT NULL,
  ProductShares decimal(20,6) DEFAULT NULL,
  PRIMARY KEY (TRANSACTIONID)
);


CREATE TABLE customer (
  CustomerID varchar(12) NOT NULL,
  FIRSTNAME varchar(25) NOT NULL,
  LASTNAME varchar(25) NOT NULL,
  MIDDLENAME varchar(15) DEFAULT NULL,
  StreetAddress varchar(50) NOT NULL,
  StreetAddress2 varchar(50) DEFAULT NULL,
  CITY varchar(25) NOT NULL,
  StateProvince varchar(25) DEFAULT NULL,
  POSTALCODE varchar(15) NOT NULL,
  COUNTRY varchar(10) DEFAULT NULL,
  PhoneNumber varchar(30) DEFAULT NULL,
  PRIMARY KEY (CUSTOMERID)
);


ALTER TABLE accountholdings ADD FOREIGN KEY ("ACCOUNTID")
      REFERENCES account ("ACCOUNTID");

ALTER TABLE account ADD FOREIGN KEY ("CUSTOMERID")
      REFERENCES customer ("CUSTOMERID");


INSERT INTO customer VALUES ('CST01010','Ian','Hardy','Thomas','120 Hanover Square',NULL,'London',NULL,'WA1 1DP','UK','(171)555-8181'),('CST01011','Elizabeth','Ashworth','Brown','1817 Chancelor Road',NULL,'London',NULL,'OX15 4NB','UK','(171)555-1870'),('CST01012','Alfred','Teagarden','Lloyd','12 Berkeley Gardens','Flat 25','Westminster',NULL,'SW7 1EZ','UK','(199)555-1720'),('CST01013','Amelia','Lindberg','Anne','95 Wadhurst Road',NULL,'Farnborough',NULL,'GU14 4LT','UK','(186)555-6709'),('CST01014','Jack','Crowther','Devon','450 Queensbridge Lane',NULL,'Scorborough',NULL,'YO2 5SC','UK','(165)555-5402'),('CST01016','Jean','LaRue','Claude','54 Rue St. Laurent','Apartment 66','Montreal','Quebec','H1J 1C3','Canada','(514)555-9120'),('CST01017','Alejandro','Carmino',NULL,'Gran Via, 1',NULL,'Madrid',NULL,'28011','Spain','(91)555-6225 '),('CST01018','Edwardo','Salvedore','Diego','Rambla de Cataluna, 58',NULL,'Barcelona',NULL,'08022','Spain','(93)555-2367 '),('CST01023','Marie','Bertrande',NULL,'78, rue de la Maison',NULL,'Paris',NULL,'75012','France','(1)45.23.68.89'),('CST01024','Herbert','MeCustomerIDer','Charles','Obere Street, 92',NULL,'Berlin',NULL,'12210','Germany','0300-076548'),('CST01025','Hanna','Rogers','Nancy','3500 Drouillard Road',NULL,'Windsor','Ontario','M5C 2V9','Canada','(416)555-9876'),('CST01026','Veronique','Treillon','Carine','705, boulevard Tigre',NULL,'Lyon',NULL,'69005','France','78.56.43.18'),('CST01028','Pierre','Henriotte','Claude','15, rue Alsace-Lorraine',NULL,'Toulouse',NULL,'31010','France','61.77.68.18'),('CST01029','Laurence','Perrier','Charles','35, rue Royale',NULL,'Marseille',NULL,'13010','France','91.24.45.67'),('CST01030','Sven','Mueller','Phillip','Magazinweg 67',NULL,'Frankfurt',NULL,'60550','Germany','069-0245885'),('CST01031','Daniel','LaBlanche',NULL,'88, place Provincial',NULL,'Paris',NULL,'75014','France','(1)47.55.65.15'),('CST01032','Paul','Zimmerman','David','2536 Oaklawn Avenue',NULL,'Vancouver','British Columbia','V3F 2K1','Canada','(604)555-2729'),('CST01033','Alexander','Franken','Horst','Berliner Platz 85',NULL,'Munich',NULL,'80806','Germany','089-0877435');

INSERT INTO account VALUES ('19990010','CST01010','Personal','Active','1999-10-12 00:00:00',NULL),('19990011','CST01011','Personal','Active','1999-11-03 00:00:00',NULL),('20000012','CST01012','Personal','Active','2000-01-20 00:00:00',NULL),('20000013','CST01013','Personal','Active','2000-02-01 00:00:00',NULL),('20000014','CST01014','Personal','Active','2000-03-15 00:00:00',NULL),('20000016','CST01016','Personal','Active','2000-05-15 00:00:00',NULL),('20000017','CST01017','Personal','Active','2000-07-18 00:00:00',NULL),('20000018','CST01018','Personal','Active','2000-07-19 00:00:00',NULL),('20010023','CST01023','Personal','Active','2001-02-13 00:00:00',NULL),('20010024','CST01024','Personal','Active','2001-05-18 00:00:00',NULL),('20010025','CST01025','Personal','Closed','2001-06-26 00:00:00','2002-02-22 00:00:00'),('20010026','CST01026','Personal','Active','2001-07-25 00:00:00',NULL),('20010028','CST01028','Personal','Active','2001-09-04 00:00:00',NULL),('20010029','CST01029','Personal','Active','2001-09-18 00:00:00',NULL),('20010030','CST01030','Personal','Active','2001-10-11 00:00:00',NULL),('20010031','CST01031','Personal','Active','2001-10-25 00:00:00',NULL),('20010032','CST01032','Personal','Active','2001-11-09 00:00:00',NULL),('20010033','CST01033','Personal','Active','2001-12-06 00:00:00',NULL);

INSERT INTO accountholdings VALUES ('TXT001016','19990010','PRD01090','1999-10-12 00:00:00','85.000000'),('TXT001017','19990011','PRD01075','1999-11-03 00:00:00','110.000000'),('TXT001018','20000012','PRD01091','2000-01-20 00:00:00','150.000000'),('TXT001019','20000013','PRD01072','2000-02-01 00:00:00','165.000000'),('TXT001020','20000014','PRD01027','2000-03-15 00:00:00','225.750000'),('TXT001022','20000016','PRD01047','2000-05-15 00:00:00','123.000000'),('TXT001024','20000017','PRD01041','2000-07-18 00:00:00','183.875000'),('TXT001025','20000018','PRD01051','2000-07-19 00:00:00','222.500000'),('TXT001026','20000017','PRD01063','2000-08-15 00:00:00','95.000000'),('TXT001027','20000018','PRD01016','2000-08-30 00:00:00','45.000000'),('TXT001035','19990010','PRD01028','2001-01-26 00:00:00','50.000000'),('TXT001036','20010023','PRD01035','2001-02-13 00:00:00','112.000000'),('TXT001038','20000012','PRD01031','2001-04-26 00:00:00','135.000000'),('TXT001039','20010024','PRD01053','2001-05-18 00:00:00','105.500000'),('TXT001040','20010025','PRD01059','2001-06-26 00:00:00','140.625000'),('TXT001041','20010026','PRD01060','2001-07-25 00:00:00','126.875000'),('TXT001042','20010026','PRD01064','2001-07-25 00:00:00','80.000000'),('TXT001044','20010028','PRD01078','2001-09-04 00:00:00','55.000000'),('TXT001045','20010029','PRD01095','2001-09-18 00:00:00','116.000000'),('TXT001046','20010030','PRD01083','2001-10-11 00:00:00','130.000000'),('TXT001047','20000018','PRD01092','2001-10-12 00:00:00','45.000000'),('TXT001048','20010026','PRD01086','2001-10-16 00:00:00','250.000000'),('TXT001049','19990010','PRD01021','2001-10-17 00:00:00','140.000000'),('TXT001050','20010031','PRD01043','2001-10-25 00:00:00','132.375000'),('TXT001051','20010032','PRD01045','2001-11-09 00:00:00','155.625000'),('TXT001054','20010024','PRD01008','2001-11-16 00:00:00','80.000000'),('TXT001055','20010033','PRD01020','2001-12-06 00:00:00','130.000000'),('TXT001056','20010031','PRD01010','2001-12-12 00:00:00','165.000000'),('TXT001059','20010030','PRD01009','2001-12-20 00:00:00','50.000000'),('TXT001062','20000012','PRD01099','2002-01-29 00:00:00','175.000000'),('TXT001068','19990011','PRD01094','2002-03-07 00:00:00','102.000000'),('TXT001073','20010029','PRD01077','2002-03-28 00:00:00','210.000000'),('TXT001074','20010032','PRD01080','2002-04-01 00:00:00','192.000000');
